{
    "status": true,
  "data": [
    {
      "countryname": "Afghanistan",
      "telpref": "+93",
      "isocode": "AF",
      "countryflag": "http://www.geognos.com/geo/en/cc/af.html"
    },
    {
      "countryname": "Albania",
      "telpref": "+355",
      "isocode": "AL",
      "countryflag": "http://www.geognos.com/geo/en/cc/al.html"
    },
    {
      "countryname": "Algeria",
      "telpref": "+213",
      "isocode": "DZ",
      "countryflag": "http://www.geognos.com/geo/en/cc/dz.html"
    },
    {
      "countryname": "AmericanSamoa",
      "telpref": "+1 684",
      "isocode": "AS",
      "countryflag": "http://www.geognos.com/geo/en/cc/as.html"
    },
    {
      "countryname": "Andorra",
      "telpref": "+376",
      "isocode": "AD",
      "countryflag": "http://www.geognos.com/geo/en/cc/ad.html"
    },
    {
      "countryname": "Angola",
      "telpref": "+244",
      "isocode": "AO",
      "countryflag": "http://www.geognos.com/geo/en/cc/ao.html"
    },
    {
      "countryname": "Anguilla",
      "telpref": "+1 264",
      "isocode": "AI",
      "countryflag": "http://www.geognos.com/geo/en/cc/ai.html"
    },
    {
      "countryname": "Antigua and Barbuda",
      "telpref": "+1268",
      "isocode": "AG",
      "countryflag": "http://www.geognos.com/geo/en/cc/ag.html"
    },
    {
      "countryname": "Argentina",
      "telpref": "+54",
      "isocode": "AR",
      "countryflag": "http://www.geognos.com/geo/en/cc/ar.html"
    },
    {
      "countryname": "Armenia",
      "telpref": "+374",
      "isocode": "AM",
      "countryflag": "http://www.geognos.com/geo/en/cc/am.html"
    },
    {
      "countryname": "Aruba",
      "telpref": "+297",
      "isocode": "AW",
      "countryflag": "http://www.geognos.com/geo/en/cc/aw.html"
    },
    {
      "countryname": "Australia",
      "telpref": "+61",
      "isocode": "AU",
      "countryflag": "http://www.geognos.com/geo/en/cc/au.html"
    },
    {
      "countryname": "Austria",
      "telpref": "+43",
      "isocode": "AT",
      "countryflag": "http://www.geognos.com/geo/en/cc/at.html"
    },
    {
      "countryname": "Azerbaijan",
      "telpref": "+994",
      "isocode": "AZ",
      "countryflag": "http://www.geognos.com/geo/en/cc/az.html"
    },
    {
      "countryname": "Bahamas",
      "telpref": "+1 242",
      "isocode": "BS",
      "countryflag": "http://www.geognos.com/geo/en/cc/bs.html"
    },
    {
      "countryname": "Bahrain",
      "telpref": "+973",
      "isocode": "BH",
      "countryflag": "http://www.geognos.com/geo/en/cc/bh.html"
    },
    {
      "countryname": "Bangladesh",
      "telpref": "+880",
      "isocode": "BD",
      "countryflag": "http://www.geognos.com/geo/en/cc/bd.html"
    },
    {
      "countryname": "Barbados",
      "telpref": "+1 246",
      "isocode": "BB",
      "countryflag": "http://www.geognos.com/geo/en/cc/bb.html"
    },
    {
      "countryname": "Belarus",
      "telpref": "+375",
      "isocode": "BY",
      "countryflag": "http://www.geognos.com/geo/en/cc/by.html"
    },
    {
      "countryname": "Belgium",
      "telpref": "+32",
      "isocode": "BE",
      "countryflag": "http://www.geognos.com/geo/en/cc/be.html"

    },
    {
      "countryname": "Belize",
      "telpref": "+501",
      "isocode": "BZ",
      "countryflag": "http://www.geognos.com/geo/en/cc/bz.html"
    },
    {
      "countryname": "Benin",
      "telpref": "+229",
      "isocode": "BJ",
      "countryflag": "http://www.geognos.com/geo/en/cc/bj.html"
    },
    {
      "countryname": "Bermuda",
      "telpref": "+1 441",
      "isocode": "BM",
      "countryflag": "http://www.geognos.com/geo/en/cc/bm.html"
    },
    {
      "countryname": "Bhutan",
      "telpref": "+975",
      "isocode": "BT",
      "countryflag" : "http://www.geognos.com/geo/en/cc/bt.html"
    },
    {
      "countryname": "Bosnia and Herzegovina",
      "telpref": "+387",
      "isocode": "BA",
      "countryflag": "http://www.geognos.com/geo/en/cc/ba.html"
    },
    {
      "countryname": "Botswana",
      "telpref": "+267",
      "isocode": "BW",
      "countryflag": "http://www.geognos.com/geo/en/cc/bw.html"
    },
    {
      "countryname": "Brazil",
      "telpref": "+55",
      "isocode": "BR",
      "countryflag": "http://www.geognos.com/geo/en/cc/br.html"
    },
    {
      "countryname": "British Indian Ocean Territory",
      "telpref": "+246",
      "isocode": "IO",
      "countryflag": "http://www.geognos.com/geo/en/cc/io.html"
    },
    {
      "countryname": "Bulgaria",
      "telpref": "+359",
      "isocode": "BG",
      "countryflag": "http://www.geognos.com/geo/en/cc/bg.html"
    },
    {
      "countryname": "Burkina Faso",
      "telpref": "+226",
      "isocode": "BF",
      "countryflag": "http://www.geognos.com/geo/en/cc/bf.html"
    },
    {
      "countryname": "Burundi",
      "telpref": "+257",
      "isocode": "BI",
      "countryflag": "http://www.geognos.com/geo/en/cc/bi.html"
    },
    {
      "countryname": "Cambodia",
      "telpref": "+855",
      "isocode": "KH",
      "countryflag": "http://www.geognos.com/geo/en/cc/kh.html"
    },
    {
      "countryname": "Cameroon",
      "telpref": "+237",
      "isocode": "CM",
      "countryflag": "http://www.geognos.com/geo/en/cc/cm.html"
    },
    {
      "countryname": "Canada",
      "telpref": "+1",
      "isocode": "CA",
      "countryflag": "http://www.geognos.com/geo/en/cc/ca.html"
    },
    {
      "countryname": "Cape Verde",
      "telpref": "+238",
      "isocode": "CV",
      "countryflag": "http://www.geognos.com/geo/en/cc/v.html"
    },
    {
      "countryname": "Cayman Islands",
      "telpref": "+ 345",
      "isocode": "KY",
      "countryflag": "http://www.geognos.com/geo/en/cc/ky.html"
    },
    {
      "countryname": "Central African Republic",
      "telpref": "+236",
      "isocode": "CF",
      "countryflag": "http://www.geognos.com/geo/en/cc/cf.html"
    },
    {
      "countryname": "Chad",
      "telpref": "+235",
      "isocode": "TD",
      "countryflag": "http://www.geognos.com/geo/en/cc/td.html"
    },
    {
      "countryname": "Chile",
      "telpref": "+56",
      "isocode": "CL",
      "countryflag": "http://www.geognos.com/geo/en/cc/cl.html"
    },
    {
      "countryname": "China",
      "telpref": "+86",
      "isocode": "CN",
      "countryflag": "http://www.geognos.com/geo/en/cc/cn.html"
    },
    {
      "countryname": "Christmas Island",
      "telpref": "+61",
      "isocode": "CX",
      "countryflag": "http://www.geognos.com/geo/en/cc/cx.html"
    },
    {
      "countryname": "Colombia",
      "telpref": "+57",
      "isocode": "CO",
      "countryflag": "http://www.geognos.com/geo/en/cc/co.html"
    },
    {
      "countryname": "Comoros",
      "telpref": "+269",
      "isocode": "KM",
      "countryflag": "http://www.geognos.com/geo/en/cc/km.html"
    },
    {
      "countryname": "Congo",
      "telpref": "+242",
      "isocode": "CG",
      "countryflag": "http://www.geognos.com/geo/en/cc/cz.html"
    },
    {
      "countryname": "Cook Islands",
      "telpref": "+682",
      "isocode": "CK",
      "countryflag": "http://www.geognos.com/geo/en/cc/ck.html"
    },
    {
      "countryname": "Costa Rica",
      "telpref": "+506",
      "isocode": "CR",
      "countryflag": "http://www.geognos.com/geo/en/cc/cr.html"
    },
    {
      "countryname": "Croatia",
      "telpref": "+385",
      "isocode": "HR",
      "countryflag": "http://www.geognos.com/geo/en/cc/hr.html"
    },
    {
      "countryname": "Cuba",
      "telpref": "+53",
      "isocode": "CU",
      "countryflag": "http://www.geognos.com/geo/en/cc/cu.html"
    },
    {
      "countryname": "Cyprus",
      "telpref": "+537",
      "isocode": "CY",
      "countryflag": "http://www.geognos.com/geo/en/cc/cy.html"
    },
    {
      "countryname": "Czech Republic",
      "telpref": "+420",
      "isocode": "CZ",
      "countryflag": "http://www.geognos.com/geo/en/cc/cz.html"
    },
    {
      "countryname": "Denmark",
      "telpref": "+45",
      "isocode": "DK",
      "countryflag": "http://www.geognos.com/geo/en/cc/dk.html"
    },
    {
      "countryname": "Djibouti",
      "telpref": "+253",
      "isocode": "DJ",
      "countryflag": "http://www.geognos.com/geo/en/cc/dj.html"
    },
    {
      "countryname": "Dominica",
      "telpref": "+1 767",
      "isocode": "DM",
      "countryflag": "http://www.geognos.com/geo/en/cc/dm.html"
    },
    {
      "countryname": "Dominican Republic",
      "telpref": "+1 849",
      "isocode": "DO",
      "countryflag": "http://www.geognos.com/geo/en/cc/do.html"
    },
    {
      "countryname": "Ecuador",
      "telpref": "+593",
      "isocode": "EC",
      "countryflag": "http://www.geognos.com/geo/en/cc/ec.html"
    },
    {
      "countryname": "Egypt",
      "telpref": "+20",
      "isocode": "EG",
      "countryflag": "http://www.geognos.com/geo/en/cc/eg.html"
    },
    {
      "countryname": "El Salvador",
      "telpref": "+503",
      "isocode": "SV",
      "countryflag": "http://www.geognos.com/geo/en/cc/sv.html"
    },
    {
      "countryname": "Equatorial Guinea",
      "telpref": "+240",
      "isocode": "GQ",
      "countryflag": "http://www.geognos.com/geo/en/cc/gq.html"
    },
    {
      "countryname": "Eritrea",
      "telpref": "+291",
      "isocode": "ER",
      "countryflag": "http://www.geognos.com/geo/en/cc/er.html"
    },
    {
      "countryname": "Estonia",
      "telpref": "+372",
      "isocode": "EE",
      "countryflag": "http://www.geognos.com/geo/en/cc/ee.html"
    },
    {
      "countryname": "Ethiopia",
      "telpref": "+251",
      "isocode": "ET",
      "countryflag": "http://www.geognos.com/geo/en/cc/et.html"
    },
    {
      "countryname": "Faroe Islands",
      "telpref": "+298",
      "isocode": "FO",
      "countryflag": "http://www.geognos.com/geo/en/cc/fo.html"
    },
    {
      "countryname": "Fiji",
      "telpref": "+679",
      "isocode": "FJ",
      "countryflag": "http://www.geognos.com/geo/en/cc/fj.html"
    },
    {
      "countryname": "Finland",
      "telpref": "+358",
      "isocode": "FI",
      "countryflag": "http://www.geognos.com/geo/en/cc/fi.html"
    },
    {
      "countryname": "France",
      "telpref": "+33",
      "isocode": "FR",
      "countryflag": "http://www.geognos.com/geo/en/cc/fr.html"
    },
    {
      "countryname": "French Guiana",
      "telpref": "+594",
      "isocode": "GF",
      "countryflag": "http://www.geognos.com/geo/en/cc/gf.html"
    },
    {
      "countryname": "French Polynesia",
      "telpref": "+689",
      "isocode": "PF",
      "countryflag": "http://www.geognos.com/geo/en/cc/pf.html"
    },
    {
      "countryname": "Gabon",
      "telpref": "+241",
      "isocode": "GA",
      "countryflag": "http://www.geognos.com/geo/en/cc/ga.html"
    },
    {
      "countryname": "Gambia",
      "telpref": "+220",
      "isocode": "GM",
      "countryflag": "http://www.geognos.com/geo/en/cc/gm.html"
    },
    {
      "countryname": "Georgia",
      "telpref": "+995",
      "isocode": "GE",
      "countryflag": "http://www.geognos.com/geo/en/cc/ge.html"
    },
    {
      "countryname": "Germany",
      "telpref": "+49",
      "isocode": "DE",
      "countryflag": "http://www.geognos.com/geo/en/cc/de.html"
    },
    {
      "countryname": "Ghana",
      "telpref": "+233",
      "isocode": "GH",
      "countryflag": "http://www.geognos.com/geo/en/cc/gh.html"
    },
    {
      "countryname": "Gibraltar",
      "telpref": "+350",
      "isocode": "GI",
      "countryflag": "http://www.geognos.com/geo/en/cc/gi.html"
    },
    {
      "countryname": "Greece",
      "telpref": "+30",
      "isocode": "GR",
      "countryflag": "http://www.geognos.com/geo/en/cc/gr.html"
    },
    {
      "countryname": "Greenland",
      "telpref": "+299",
      "isocode": "GL",
      "countryflag": "http://www.geognos.com/geo/en/cc/gl.html"
    },
    {
      "countryname": "Grenada",
      "telpref": "+1 473",
      "isocode": "GD",
      "countryflag": "http://www.geognos.com/geo/en/cc/gd.html"
    },
    {
      "countryname": "Guadeloupe",
      "telpref": "+590",
      "isocode": "GP",
      "countryflag": "http://www.geognos.com/geo/en/cc/gp.html"
    },
    {
      "countryname": "Guam",
      "telpref": "+1 671",
      "isocode": "GU",
      "countryflag": "http://www.geognos.com/geo/en/cc/gu.html"
    },
    {
      "countryname": "Guatemala",
      "telpref": "+502",
      "isocode": "GT",
      "countryflag": "http://www.geognos.com/geo/en/cc/gt.html"
    },
    {
      "countryname": "Guinea",
      "telpref": "+224",
      "isocode": "GN",
      "countryflag": "http://www.geognos.com/geo/en/cc/gn.html"
    },
    {
      "countryname": "Guinea-Bissau",
      "telpref": "+245",
      "isocode": "GW",
      "countryflag": "http://www.geognos.com/geo/en/cc/gw.html"
    },
    {
      "countryname": "Guyana",
      "telpref": "+595",
      "isocode": "GY",
      "countryflag": "http://www.geognos.com/geo/en/cc/gy.html"
    },
    {
      "countryname": "Haiti",
      "telpref": "+509",
      "isocode": "HT",
      "countryflag": "http://www.geognos.com/geo/en/cc/ht.html"
    },
    {
      "countryname": "Honduras",
      "telpref": "+504",
      "isocode": "HN",
      "countryflag": "http://www.geognos.com/geo/en/cc/hn.html"
    },
    {
      "countryname": "Hungary",
      "telpref": "+36",
      "isocode": "HU",
      "countryflag": "http://www.geognos.com/geo/en/cc/hu.html"
    },
    {
      "countryname": "Iceland",
      "telpref": "+354",
      "isocode": "IS",
      "countryflag": "http://www.geognos.com/geo/en/cc/is.html"
    },
    {
      "countryname": "India",
      "telpref": "+91",
      "isocode": "IN",
      "countryflag": "http://www.geognos.com/geo/en/cc/in.html"
    },
    {
      "countryname": "Indonesia",
      "telpref": "+62",
      "isocode": "ID",
      "countryflag": "http://www.geognos.com/geo/en/cc/id.html"
    },
    {
      "countryname": "Iraq",
      "telpref": "+964",
      "isocode": "IQ",
      "countryflag": "http://www.geognos.com/geo/en/cc/iq.html"
    },
    {
      "countryname": "Ireland",
      "telpref": "+353",
      "isocode": "IE",
      "countryflag": "http://www.geognos.com/geo/en/cc/ie.html"
    },
    {
      "countryname": "Israel",
      "telpref": "+972",
      "isocode": "IL",
      "countryflag": "http://www.geognos.com/geo/en/cc/il.html"
    },
    {
      "countryname": "Italy",
      "telpref": "+39",
      "isocode": "IT",
      "countryflag": "http://www.geognos.com/geo/en/cc/it.html"
    },
    {
      "countryname": "Jamaica",
      "telpref": "+1 876",
      "isocode": "JM", 
      "countryflag" : "http://www.geognos.com/geo/en/cc/jm.html"
    },
    {
      "countryname": "Japan",
      "telpref": "+81",
      "isocode": "JP",
      "countryflag": "http://www.geognos.com/geo/en/cc/jp.html"
    },
    {
      "countryname": "Jordan",
      "telpref": "+962",
      "isocode": "JO",
      "countryflag": "http://www.geognos.com/geo/en/cc/jo.html"
    },
    {
      "countryname": "Kazakhstan",
      "telpref": "+7 7",
      "isocode": "KZ",
      "countryflag": "http://www.geognos.com/geo/en/cc/kz.html"
    },
    {
      "countryname": "Kenya",
      "telpref": "+254",
      "isocode": "KE",
      "countryflag": "http://www.geognos.com/geo/en/cc/ke.html"
    },
    {
      "countryname": "Kiribati",
      "telpref": "+686",
      "isocode": "KI",
      "countryflag": "http://www.geognos.com/geo/en/cc/ki.html"
    },
    {
      "countryname": "Kuwait",
      "telpref": "+965",
      "isocode": "KW",
      "countryflag": "http://www.geognos.com/geo/en/cc/kw.html"
    },
    {
      "countryname": "Kyrgyzstan",
      "telpref": "+996",
      "isocode": "KG",
      "countryflag": "http://www.geognos.com/geo/en/cc/kg.html"
    },
    {
      "countryname": "Latvia",
      "telpref": "+371",
      "isocode": "LV",
      "countryflag": "http://www.geognos.com/geo/en/cc/lv.html"
    },
    {
      "countryname": "Lebanon",
      "telpref": "+961",
      "isocode": "LB",
      "countryflag": "http://www.geognos.com/geo/en/cc/lb.html"
    },
    {
      "countryname": "Lesotho",
      "telpref": "+266",
      "isocode": "LS",
      "countryflag": "http://www.geognos.com/geo/en/cc/ls.html"
    },
    {
      "countryname": "Liberia",
      "telpref": "+231",
      "isocode": "LR",
      "countryflag": "http://www.geognos.com/geo/en/cc/lr.html"
    },
    {
      "countryname": "Liechtenstein",
      "telpref": "+423",
      "isocode": "LI",
      "countryflag": "http://www.geognos.com/geo/en/cc/li.html"
    },
    {
      "countryname": "Lithuania",
      "telpref": "+370",
      "isocode": "LT",
      "countryflag": "http://www.geognos.com/geo/en/cc/lt.html"
    },
    {
      "countryname": "Luxembourg",
      "telpref": "+352",
      "isocode": "LU",
      "countryflag": "http://www.geognos.com/geo/en/cc/lu.html"
    },
    {
      "countryname": "Madagascar",
      "telpref": "+261",
      "isocode": "MG",
      "countryflag": "http://www.geognos.com/geo/en/cc/mg.html"
    },
    {
      "countryname": "Malawi",
      "telpref": "+265",
      "isocode": "MW",
      "countryflag": "http://www.geognos.com/geo/en/cc/mw.html"
    },
    {
      "countryname": "Malaysia",
      "telpref": "+60",
      "isocode": "MY",
      "countryflag": "http://www.geognos.com/geo/en/cc/my.html"
    },
    {
      "countryname": "Maldives",
      "telpref": "+960",
      "isocode": "MV",
      "countryflag": "http://www.geognos.com/geo/en/cc/mv.html"
    },
    {
      "countryname": "Mali",
      "telpref": "+223",
      "isocode": "ML",
      "countryflag": "http://www.geognos.com/geo/en/cc/ml.html"
    },
    {
      "countryname": "Malta",
      "telpref": "+356",
      "isocode": "MT",
      "countryflag": "http://www.geognos.com/geo/en/cc/mt.html"
    },
    {
      "countryname": "Marshall Islands",
      "telpref": "+692",
      "isocode": "MH",
      "countryflag": "http://www.geognos.com/geo/en/cc/mh.html"
    },
    {
      "countryname": "Martinique",
      "telpref": "+596",
      "isocode": "MQ",
      "countryflag": "http://www.geognos.com/geo/en/cc/mq.html"
    },
    {
      "countryname": "Mauritania",
      "telpref": "+222",
      "isocode": "MR",
      "countryflag": "http://www.geognos.com/geo/en/cc/mr.html"
    },
    {
      "countryname": "Mauritius",
      "telpref": "+230",
      "isocode": "MU",
      "countryflag": "http://www.geognos.com/geo/en/cc/mu.html"
    },
    {
      "countryname": "Mayotte",
      "telpref": "+262",
      "isocode": "YT",
      "countryflag": "http://www.geognos.com/geo/en/cc/yt.html"
    },
    {
      "countryname": "Mexico",
      "telpref": "+52",
      "isocode": "MX",
      "countryflag": "http://www.geognos.com/geo/en/cc/mx.html"
    },
    {
      "countryname": "Monaco",
      "telpref": "+377",
      "isocode": "MC",
      "countryflag": "http://www.geognos.com/geo/en/cc/mc.html"
    },
    {
      "countryname": "Mongolia",
      "telpref": "+976",
      "isocode": "MN",
      "countryflag": "http://www.geognos.com/geo/en/cc/mn.html"
    },
    {
      "countryname": "Montenegro",
      "telpref": "+382",
      "isocode": "ME",
      "countryflag": "http://www.geognos.com/geo/en/cc/me.html"
    },
    {
      "countryname": "Montserrat",
      "telpref": "+1664",
      "isocode": "MS",
      "countryflag": "http://www.geognos.com/geo/en/cc/ms.html"
    },
    {
      "countryname": "Morocco",
      "telpref": "+212",
      "isocode": "MA",
      "countryflag": "http://www.geognos.com/geo/en/cc/ma.html"
    },
    {
      "countryname": "Myanmar",
      "telpref": "+95",
      "isocode": "MM",
      "countryflag": "http://www.geognos.com/geo/en/cc/mm.html"
    },
    {
      "countryname": "Namibia",
      "telpref": "+264",
      "isocode": "NA",
      "countryflag": "http://www.geognos.com/geo/en/cc/na.html"
    },
    {
      "countryname": "Nauru",
      "telpref": "+674",
      "isocode": "NR",
      "countryflag": "http://www.geognos.com/geo/en/cc/nr.html"
    },
    {
      "countryname": "Nepal",
      "telpref": "+977",
      "isocode": "NP",
      "countryflag": "http://www.geognos.com/geo/en/cc/np.html"
    },
    {
      "countryname": "Netherlands",
      "telpref": "+31",
      "isocode": "NL",
      "countryflag": "http://www.geognos.com/geo/en/cc/nl.html"
    },
    {
      "countryname": "Netherlands Antilles",
      "telpref": "+599",
      "isocode": "AN",
      "countryflag": "http://www.geognos.com/geo/en/cc/an.html"
    },
    {
      "countryname": "New Caledonia",
      "telpref": "+687",
      "isocode": "NC",
      "countryflag": "http://www.geognos.com/geo/en/cc/nc.html"
    },
    {
      "countryname": "New Zealand",
      "telpref": "+64",
      "isocode": "NZ",
      "countryflag": "http://www.geognos.com/geo/en/cc/nz.html"
    },
    {
      "countryname": "Nicaragua",
      "telpref": "+505",
      "isocode": "NI",
      "countryflag": "http://www.geognos.com/geo/en/cc/ni.html"
    },
    {
      "countryname": "Niger",
      "telpref": "+227",
      "isocode": "NE",
      "countryflag": "http://www.geognos.com/geo/en/cc/ne.html"
    },
    {
      "countryname": "Nigeria",
      "telpref": "+234",
      "isocode": "NG",
      "countryflag": "http://www.geognos.com/geo/en/cc/ng.html"
    },
    {
      "countryname": "Niue",
      "telpref": "+683",
      "isocode": "NU",
      "countryflag": "http://www.geognos.com/geo/en/cc/nu.html"
    },
    {
      "countryname": "Norfolk Island",
      "telpref": "+672",
      "isocode": "NF",
      "countryflag": "http://www.geognos.com/geo/en/cc/nf.html"
    },
    {
      "countryname": "Northern Mariana Islands",
      "telpref": "+1 670",
      "isocode": "MP",
      "countryflag": "http://www.geognos.com/geo/en/cc/mp.html"
    },
    {
      "countryname": "Norway",
      "telpref": "+47",
      "isocode": "NO",
      "countryflag": "http://www.geognos.com/geo/en/cc/no.html"
    },
    {
      "countryname": "Oman",
      "telpref": "+968",
      "isocode": "OM",
      "countryflag": "http://www.geognos.com/geo/en/cc/om.html"
    },
    {
      "countryname": "Pakistan",
      "telpref": "+92",
      "isocode": "PK",
      "countryflag": "http://www.geognos.com/geo/en/cc/pk.html"
    },
    {
      "countryname": "Palau",
      "telpref": "+680",
      "isocode": "PW",
      "countryflag": "http://www.geognos.com/geo/en/cc/pw.html"
    },
    {
      "countryname": "Panama",
      "telpref": "+507",
      "isocode": "PA",
      "countryflag": "http://www.geognos.com/geo/en/cc/pa.html"
    },
    {
      "countryname": "Papua New Guinea",
      "telpref": "+675",
      "isocode": "PG",
      "countryflag": "http://www.geognos.com/geo/en/cc/pg.html"
    },
    {
      "countryname": "Paraguay",
      "telpref": "+595",
      "isocode": "PY",
      "countryflag": "http://www.geognos.com/geo/en/cc/py.html"
    },
    {
      "countryname": "Peru",
      "telpref": "+51",
      "isocode": "PE",
      "countryflag": "http://www.geognos.com/geo/en/cc/pe.html"
    },
    {
      "countryname": "Philippines",
      "telpref": "+63",
      "isocode": "PH",
      "countryflag": "http://www.geognos.com/geo/en/cc/ph.html"
    },
    {
      "countryname": "Poland",
      "telpref": "+48",
      "isocode": "PL",
      "countryflag": "http://www.geognos.com/geo/en/cc/pl.html"
    },
    {
      "countryname": "Portugal",
      "telpref": "+351",
      "isocode": "PT",
      "countryflag": "http://www.geognos.com/geo/en/cc/pt.html"
    },
    {
      "countryname": "Puerto Rico",
      "telpref": "+1 939",
      "isocode": "PR",
      "countryflag": "http://www.geognos.com/geo/en/cc/pr.html"
    },
    {
      "countryname": "Qatar",
      "telpref": "+974",
      "isocode": "QA",
      "countryflag": "http://www.geognos.com/geo/en/cc/qa.html"
    },
    {
      "countryname": "Romania",
      "telpref": "+40",
      "isocode": "RO",
      "countryflag": "http://www.geognos.com/geo/en/cc/ro.html"
    },
    {
      "countryname": "Rwanda",
      "telpref": "+250",
      "isocode": "RW",
      "countryflag": "http://www.geognos.com/geo/en/cc/rw.html"
    },
    {
      "countryname": "Samoa",
      "telpref": "+685",
      "isocode": "WS",
      "countryflag": "http://www.geognos.com/geo/en/cc/ws.html"
    },
    {
      "countryname": "San Marino",
      "telpref": "+378",
      "isocode": "SM",
      "countryflag": "http://www.geognos.com/geo/en/cc/sm.html"
    },
    {
      "countryname": "Saudi Arabia",
      "telpref": "+966",
      "isocode": "SA",
      "countryflag": "http://www.geognos.com/geo/en/cc/sa.html"
    },
    {
      "countryname": "Senegal",
      "telpref": "+221",
      "isocode": "SN",
      "countryflag": "http://www.geognos.com/geo/en/cc/sn.html"
    },
    {
      "countryname": "Serbia",
      "telpref": "+381",
      "isocode": "RS",
      "countryflag": "http://www.geognos.com/geo/en/cc/rs.html"
    },
    {
      "countryname": "Seychelles",
      "telpref": "+248",
      "isocode": "SC",
      "countryflag": "http://www.geognos.com/geo/en/cc/sc.html"
    },
    {
      "countryname": "Sierra Leone",
      "telpref": "+232",
      "isocode": "SL",
      "countryflag": "http://www.geognos.com/geo/en/cc/sl.html"
    },
    {
      "countryname": "Singapore",
      "telpref": "+65",
      "isocode": "SG",
      "countryflag": "http://www.geognos.com/geo/en/cc/sg.html"
    },
    {
      "countryname": "Slovakia",
      "telpref": "+421",
      "isocode": "SK",
      "countryflag": "http://www.geognos.com/geo/en/cc/sk.html"
    },
    {
      "countryname": "Slovenia",
      "telpref": "+386",
      "isocode": "SI",
      "countryflag": "http://www.geognos.com/geo/en/cc/si.html"
    },
    {
      "countryname": "Solomon Islands",
      "telpref": "+677",
      "isocode": "SB",
      "countryflag": "http://www.geognos.com/geo/en/cc/sb.html"
    },
    {
      "countryname": "South Africa",
      "telpref": "+27",
      "isocode": "ZA",
      "countryflag": "http://www.geognos.com/geo/en/cc/za.html"
    },
    {
      "countryname": "South Georgia and the South Sandwich Islands",
      "telpref": "+500",
      "isocode": "GS",
      "countryflag": "http://www.geognos.com/geo/en/cc/gs.html"
    },
    {
      "countryname": "Spain",
      "telpref": "+34",
      "isocode": "ES",
      "countryflag": "http://www.geognos.com/geo/en/cc/es.html"
    },
    {
      "countryname": "Sri Lanka",
      "telpref": "+94",
      "isocode": "LK",
      "countryflag": "http://www.geognos.com/geo/en/cc/lk.html"
    },
    {
      "countryname": "Sudan",
      "telpref": "+249",
      "isocode": "SD",
      "countryflag": "http://www.geognos.com/geo/en/cc/sd.html"
    },
    {
      "countryname": "Suriname",
      "telpref": "+597",
      "isocode": "SR",
      "countryflag": "http://www.geognos.com/geo/en/cc/sr.html"
    },
    {
      "countryname": "Swaziland",
      "telpref": "+268",
      "isocode": "SZ",
      "countryflag": "http://www.geognos.com/geo/en/cc/sz.html"
    },
    {
      "countryname": "Sweden",
      "telpref": "+46",
      "isocode": "SE",
      "countryflag": "http://www.geognos.com/geo/en/cc/se.html"
    },
    {
      "countryname": "Switzerland",
      "telpref": "+41",
      "isocode": "CH",
      "countryflag": "http://www.geognos.com/geo/en/cc/ch.html"
    },
    {
      "countryname": "Tajikistan",
      "telpref": "+992",
      "isocode": "TJ",
      "countryflag": "http://www.geognos.com/geo/en/cc/tj.html"
    },
    {
      "countryname": "Thailand",
      "telpref": "+66",
      "isocode": "TH",
      "countryflag": "http://www.geognos.com/geo/en/cc/th.html"
    },
    {
      "countryname": "Togo",
      "telpref": "+228",
      "isocode": "TG",
      "countryflag": "http://www.geognos.com/geo/en/cc/tg.html"
    },
    {
      "countryname": "Tokelau",
      "telpref": "+690",
      "isocode": "TK",
      "countryflag": "http://www.geognos.com/geo/en/cc/tk.html"
    },
    {
      "countryname": "Tonga",
      "telpref": "+676",
      "isocode": "TO",
      "countryflag": "http://www.geognos.com/geo/en/cc/to.html"
    },
    {
      "countryname": "Trinidad and Tobago",
      "telpref": "+1 868",
      "isocode": "TT",
      "countryflag": "http://www.geognos.com/geo/en/cc/tt.html"
    },
    {
      "countryname": "Tunisia",
      "telpref": "+216",
      "isocode": "TN",
      "countryflag": "http://www.geognos.com/geo/en/cc/tn.html"
    },
    {
      "countryname": "Turkey",
      "telpref": "+90",
      "isocode": "TR",
      "countryflag": "http://www.geognos.com/geo/en/cc/tr.html"
    },
    {
      "countryname": "Turkmenistan",
      "telpref": "+993",
      "isocode": "TM",
      "countryflag": "http://www.geognos.com/geo/en/cc/tm.html"
    },
    {
      "countryname": "Turks and Caicos Islands",
      "telpref": "+1 649",
      "isocode": "TC",
      "countryflag": "http://www.geognos.com/geo/en/cc/tc.html"
    },
    {
      "countryname": "Tuvalu",
      "telpref": "+688",
      "isocode": "TV",
      "countryflag": "http://www.geognos.com/geo/en/cc/tv.html"
    },
    {
      "countryname": "Uganda",
      "telpref": "+256",
      "isocode": "UG",
      "countryflag": "http://www.geognos.com/geo/en/cc/ug.html"
    },
    {
      "countryname": "Ukraine",
      "telpref": "+380",
      "isocode": "UA",
      "countryflag": "http://www.geognos.com/geo/en/cc/ua.html"
    },
    {
      "countryname": "United Arab Emirates",
      "telpref": "+971",
      "isocode": "AE",
      "countryflag": "http://www.geognos.com/geo/en/cc/ae.html"
    },
    {
      "countryname": "United Kingdom",
      "telpref": "+44",
      "isocode": "GB",
      "countryflag": "http://www.geognos.com/geo/en/cc/gb.html"
    },
    {
      "countryname": "United States",
      "telpref": "+1",
      "isocode": "US",
      "countryflag": "http://www.geognos.com/geo/en/cc/us.html"
    },
    {
      "countryname": "Uruguay",
      "telpref": "+598",
      "isocode": "UY",
      "countryflag": "http://www.geognos.com/geo/en/cc/uy.html"
    },
    {
      "countryname": "Uzbekistan",
      "telpref": "+998",
      "isocode": "UZ",
      "countryflag": "http://www.geognos.com/geo/en/cc/uz.html"
    },
    {
      "countryname": "Vanuatu",
      "telpref": "+678",
      "isocode": "VU",
      "countryflag": "http://www.geognos.com/geo/en/cc/vu.html"
    },
    {
      "countryname": "Wallis and Futuna",
      "telpref": "+681",
      "isocode": "WF",
      "countryflag": "http://www.geognos.com/geo/en/cc/wf.html"
    },
    {
      "countryname": "Yemen",
      "telpref": "+967",
      "isocode": "YE",
      "countryflag": "http://www.geognos.com/geo/en/cc/ye.html"
    },
    {
      "countryname": "Zambia",
      "telpref": "+260",
      "isocode": "ZM",
      "countryflag": "http://www.geognos.com/geo/en/cc/zm.html"
    },
    {
      "countryname": "Zimbabwe",
      "telpref": "+263",
      "isocode": "ZW",
      "countryflag": "http://www.geognos.com/geo/en/cc/zw.html"
    },
    {
      "countryname": "land Islands",
      "telpref": "",
      "isocode": "AX",
      "countryflag": "http://www.geognos.com/geo/en/cc/ax.html"
    },
    {
      "countryname": "Antarctica",
      "telpref": null,
      "isocode": "AQ",
      "countryflag": "http://www.geognos.com/geo/en/cc/aq.html"
    },
    {
      "countryname": "Bolivia, Plurinational State of",
      "telpref": "+591",
      "isocode": "BO",
      "countryflag": "http://www.geognos.com/geo/en/cc/bo.html"
    },
    {
      "countryname": "Brunei Darussalam",
      "telpref": "+673",
      "isocode": "BN",
      "countryflag": "http://www.geognos.com/geo/en/cc/bn.html"
    },
    {
      "countryname": "Cocos (Keeling) Islands",
      "telpref": "+61",
      "isocode": "CC",
      "countryflag": "http://www.geognos.com/geo/en/cc/cc.html"
    },
    {
      "countryname": "Congo, The Democratic Republic of the",
      "telpref": "+243",
      "isocode": "CD",
      "countryflag": "http://www.geognos.com/geo/en/cc/cd.html"
    },
    {
      "countryname": "Cote d'Ivoire",
      "telpref": "+225",
      "isocode": "CI",
      "countryflag": "http://www.geognos.com/geo/en/cc/ci.html"
    },
    {
      "countryname": "Falkland Islands (Malvinas)",
      "telpref": "+500",
      "isocode": "FK",
      "countryflag": "http://www.geognos.com/geo/en/cc/fk.html"
    },
    {
      "countryname": "Guernsey",
      "telpref": "+44",
      "isocode": "GG",
      "countryflag": "http://www.geognos.com/geo/en/cc/gg.html"
    },
    {
      "countryname": "Holy See (Vatican City State)",
      "telpref": "+379",
      "isocode": "VA",
      "countryflag": "http://www.geognos.com/geo/en/cc/va.html"
    },
    {
      "countryname": "Hong Kong",
      "telpref": "+852",
      "isocode": "HK",
      "countryflag": "http://www.geognos.com/geo/en/cc/hk.html"
    },
    {
      "countryname": "Iran, Islamic Republic of",
      "telpref": "+98",
      "isocode": "IR",
      "countryflag": "http://www.geognos.com/geo/en/cc/ir.html"
    },
    {
      "countryname": "Isle of Man",
      "telpref": "+44",
      "isocode": "IM",
      "countryflag": "http://www.geognos.com/geo/en/cc/im.html"
    },
    {
      "countryname": "Jersey",
      "telpref": "+44",
      "isocode": "JE",
      "countryflag": "http://www.geognos.com/geo/en/cc/je.html"
    },
    {
      "countryname": "Korea, Democratic People's Republic of",
      "telpref": "+850",
      "isocode": "KP",
      "countryflag": "http://www.geognos.com/geo/en/cc/kp.html"
    },
    {
      "countryname": "Korea, Republic of",
      "telpref": "+82",
      "isocode": "KR",
      "countryflag": "http://www.geognos.com/geo/en/cc/kr.html"
    },
    {
      "countryname": "Lao People's Democratic Republic",
      "telpref": "+856",
      "isocode": "LA",
      "countryflag": "http://www.geognos.com/geo/en/cc/la.html"
    },
    {
      "countryname": "Libyan Arab Jamahiriya",
      "telpref": "+218",
      "isocode": "LY",
      "countryflag": "http://www.geognos.com/geo/en/cc/ly.html"
    },
    {
      "countryname": "Macao",
      "telpref": "+853",
      "isocode": "MO",
      "countryflag": "http://www.geognos.com/geo/en/cc/mo.html"
    },
    {
      "countryname": "Macedonia, The Former Yugoslav Republic of",
      "telpref": "+389",
      "isocode": "MK",
      "countryflag": "http://www.geognos.com/geo/en/cc/mk.html"
    },
    {
      "countryname": "Micronesia, Federated States of",
      "telpref": "+691",
      "isocode": "FM",
      "countryflag": "http://www.geognos.com/geo/en/cc/fm.html"
    },
    {
      "countryname": "Moldova, Republic of",
      "telpref": "+373",
      "isocode": "MD",
      "countryflag": "http://www.geognos.com/geo/en/cc/md.html"
    },
    {
      "countryname": "Mozambique",
      "telpref": "+258",
      "isocode": "MZ",
      "countryflag": "http://www.geognos.com/geo/en/cc/mz.html"
    },
    {
      "countryname": "Palestinian Territory, Occupied",
      "telpref": "+970",
      "isocode": "PS",
      "countryflag": "http://www.geognos.com/geo/en/cc/ps.html"
    },
    {
      "countryname": "Pitcairn",
      "telpref": "+872",
      "isocode": "PN",
      "countryflag": "http://www.geognos.com/geo/en/cc/pn.html"
    },
    {
      "countryname": "Réunion",
      "telpref": "+262",
      "isocode": "RE",
      "countryflag": "http://www.geognos.com/geo/en/cc/re.html"
    },
    {
      "countryname": "Russia",
      "telpref": "+7",
      "isocode": "RU",
      "countryflag": "http://www.geognos.com/geo/en/cc/ru.html"
    },
    {
      "countryname": "Saint Barthélemy",
      "telpref": "+590",
      "isocode": "BL",
      "countryflag": "http://www.geognos.com/geo/en/cc/bl.html"
    },
    {
      "countryname": "Saint Helena, Ascension and Tristan Da Cunha",
      "telpref": "+290",
      "isocode": "SH",
      "countryflag": "http://www.geognos.com/geo/en/cc/sh.html"
    },
    {
      "countryname": "Saint Kitts and Nevis",
      "telpref": "+1 869",
      "isocode": "KN",
      "countryflag": "http://www.geognos.com/geo/en/cc/kn.html"
    },
    {
      "countryname": "Saint Lucia",
      "telpref": "+1 758",
      "isocode": "LC",
      "countryflag": "http://www.geognos.com/geo/en/cc/lc.html"
    },
    {
      "countryname": "Saint Martin",
      "telpref": "+590",
      "isocode": "MF",
      "countryflag": "http://www.geognos.com/geo/en/cc/mf.html"
    },
    {
      "countryname": "Saint Pierre and Miquelon",
      "telpref": "+508",
      "isocode": "PM",
      "countryflag": "http://www.geognos.com/geo/en/cc/pm.html"
    },
    {
      "countryname": "Saint Vincent and the Grenadines",
      "telpref": "+1 784",
      "isocode": "VC",
      "countryflag": "http://www.geognos.com/geo/en/cc/vc.html"
    },
    {
      "countryname": "Sao Tome and Principe",
      "telpref": "+239",
      "isocode": "ST",
      "countryflag": "http://www.geognos.com/geo/en/cc/st.html"
    },
    {
      "countryname": "Somalia",
      "telpref": "+252",
      "isocode": "SO",
      "countryflag": "http://www.geognos.com/geo/en/cc/so.html"
    },
    {
      "countryname": "Svalbard and Jan Mayen",
      "telpref": "+47",
      "isocode": "SJ",
      "countryflag": "http://www.geognos.com/geo/en/cc/sj.html"
    },
    {
      "countryname": "Syrian Arab Republic",
      "telpref": "+963",
      "isocode": "SY",
      "countryflag": "http://www.geognos.com/geo/en/cc/sy.html"
    },
    {
      "countryname": "Taiwan, Province of China",
      "telpref": "+886",
      "isocode": "TW",
      "countryflag": "http://www.geognos.com/geo/en/cc/tw.html"
    },
    {
      "countryname": "Tanzania, United Republic of",
      "telpref": "+255",
      "isocode": "TZ",
      "countryflag": "http://www.geognos.com/geo/en/cc/tz.html"
    },
    {
      "countryname": "Timor-Leste",
      "telpref": "+670",
      "isocode": "TL",
      "countryflag": "http://www.geognos.com/geo/en/cc/tl.html"
    },
    {
      "countryname": "Venezuela, Bolivarian Republic of",
      "telpref": "+58",
      "isocode": "VE",
      "countryflag": "http://www.geognos.com/geo/en/cc/ve.html"
    },
    {
      "countryname": "Viet Nam",
      "telpref": "+84",
      "isocode": "VN",
      "countryflag": "http://www.geognos.com/geo/en/cc/vn.html"
    },
    {
      "countryname": "Virgin Islands, British",
      "telpref": "+1 284",
      "isocode": "VG",
      "countryflag": "http://www.geognos.com/geo/en/cc/vg.html"
    },
    {
      "countryname": "Virgin Islands, U.S.",
      "telpref": "+1 340",
      "isocode": "VI",
      "countryflag": "http://www.geognos.com/geo/en/cc/vi.html"
    }
  ],
    "message": "successful"
}